{"https://polyset.xyz":{"PrivateStateTokenV1VOPRF":{"batchsize":1,"id":1,"keys":{"1":{"Y":"AAAAAQQ7W5gOubJT3kTpzNGsekT9RZPXgXGrOMB2+QPw/ZzAuLrM3kc8eyHuTc1KmKjH4sh5+ev5GCI4HVVd46o6rWvNvk0iZQtVuUPhT8X54Ajebng8v5zUnpnPuTjGqlc7+MM=","expiry":"1725389687915000"}},"protocol_version":"PrivateStateTokenV1VOPRF"}},"https://pst-issuer.hcaptcha.com":{"PrivateStateTokenV1VOPRF":{"batchsize":1,"id":1,"keys":{"0":{"Y":"AAAAAAQn0iKkl4Xm6zKsIwQxrjdWuG5y1Dx/HhjZEzg5gzHs/bMzXRC4YqKI8JtrTOg1kzZLcQT4hDYmeuEnGZRSS4ZBtEVwnbk72AH9CB3041g+A2Y8AvXdrBZyBJaswydxU70=","expiry":"1691836104000000"},"102":{"Y":"AAAAZgStKBZhkdiDfCd2M72lOVQEm/8Gs8OokCr6q689DfraBUy2OAqS3fT3CRtHcIFsHHWTmFKfYNYbhDV9lOTeJiwGh/o2c5kSPczpgca9LEoJoNvCttwUfhzApxRQipTktSs=","expiry":"1699612104000000"},"118":{"Y":"AAAAdgTPJ4DSXNbDsSzd0lau1l+PDvS7j7rvWaXeb8Dq+bVbsHi49gWgtAmOvEhrx7qqlsMbowW9oFp+8hpMz0iPetfzNlpZ/rgchHMVGA2mAcUUD6hZpLFwi/WzzjPNzNjghiU=","expiry":"1694428104000000"},"134":{"Y":"AAAAhgQdOOxzj3+ff1GYbZKKas301vAlY5T1+HuRLecI7+aSpZHiJDLBId96+sYqFQ9Lw2v5ZL2XrdNsIjcJQeZjMNeoKzRIU2+twrJx15zOsAS7UYrnwmwcKUNaIvK5z+ofVao=","expiry":"1697020104000000"},"135":{"Y":"AAAAhwQ7lqyWJhRd1vwnfh9CTyEwAfvtHx8aM3kUzK4t1yjAde2H6ncqmaeSt0wCDHWQXRf+1t4qDjHDaVA6SsKUEmWNZrJ++q07cVNyg586fFJhklASuCAVD8MLgiI0joPbSmQ=","expiry":"1697020104000000"},"165":{"Y":"AAAApQT5FOfKepPac+BaNNEDET5ISLG0gRu76JnhDZgdCE4YGlZslfaxQxo2AB6dqWXUzCxgnidfjlVjDdCOQSYJDPFmE2rRGNMVpvHfZD4dKwwErc+oqvxsf+LIftX3DO1B+zg=","expiry":"1697020104000000"},"171":{"Y":"AAAAqwQ3VONsOHn8vztPDJugYiBknSk2h76L4m9v89gLbfK33SvUKB/D/oj7uIO3WHnOidaxdJ9tqhd4ee+EZ/cj7iV3b3cuBFqFEJPPUcHkNJ+FnU3fQmePRn0ZJGasPUCZNA8=","expiry":"1694428104000000"},"226":{"Y":"AAAA4gSl5pqFtr6FxLm5p9Pn7OjO7fH/rp25nZ/1qX6643BJcuWIC/Q1fc2v19bHZE6PNdLyMeO8ZMkRH5rRi3CX1xg54UWtX0b0/rFOy1ErX2nLDTDXJvSAMrbZZwuCDf/QkfA=","expiry":"1699612104000000"},"253":{"Y":"AAAA/QTFOMQlDqoIjS5e99cmi1xLcbcIyqfvzulldtB0PfoZAza6czULN9fKDfVXud74aOkzIDpDA7Ejx1Zw/2nr477EGpCeMmP9MXAxiaOroKI0kBd38uWTaqCxKmFcd/l16Ic=","expiry":"1699612104000000"},"29":{"Y":"AAAAHQSYqY3WA/Kuzh1J0w+YBfvx8tNECkbuRvKNvTCV/EYQh/O+tZQuROyFVk4M/vr2mw7yPK/dJhyl8FRMUSVvuQ7r/Y59fnNxyvPAdiKNeRlZb8TKs/Ymf0H9RLneFz3rOfM=","expiry":"1691836104000000"},"70":{"Y":"AAAARgT+F/qLdVCJZazqkgDgmbBY7DhDF78vsw6pfT6cGVAMfg4WhdkbQlLQkzKlPMVy0XsqyN2S2tSLa+0hFA4R8+YJpCYf9QJzg/XAw43fZkbu/TX7+q623KsQeWPMiuj9qAs=","expiry":"1694428104000000"},"87":{"Y":"AAAAVwSR0P31+cA6fOgTBHGN545mu5vLETOCgN2+6R8Wa8mmOl8QqvG5QJ8JRp6IiTXzJE8piCaKV9LKWw824abZzkxth/nsBD1zpBngEXq+pV9313owOkkyhfFYop9QBipxj9s=","expiry":"1691836104000000"}},"protocol_version":"PrivateStateTokenV1VOPRF"}},"https://trusttoken.dev":{"PrivateStateTokenV1VOPRF":{"batchsize":1,"id":1,"keys":{"0":{"Y":"AAAAAARfsssbDuePtDrNZ3lM/UURh5OQuxpiyHSHc1pdoKOlfZ1EEPEWMyjMs4RUBi04PGIH/2Ydu9DkhJBPOB8L3KvWrGzHY19bBVuYgypnPi1bFWV8FiVS7LTk4bQ6bUELZS8=","expiry":"1767139200000000"},"1":{"Y":"AAAAAQQf7weUF/kePEPj0OSOYXJFl5MtMxr8g0svnv/prKQJK/hXrKqyQCrfxWJaQcKvj0MqtJcAA0CMZUGO2+cEXXgVNsa9Rw3ozo5a69bRrcvwnu+DFfB/qrA+8vqB7HxSRyc=","expiry":"1767139200000000"},"2":{"Y":"AAAAAgQLbdTSLHbxKCt47+OFNTVxvvVenvsWvmB0GQrm0B7+fb+4Cr8DgkZ7O6cJ1XtJBN6pBocANfPtUMINbsFsrUrJILKj9zGuFbtlVUCnNTMxjgk6jhDGtvIrzoT2Tgj/Mqo=","expiry":"1767139200000000"},"3":{"Y":"AAAAAwSTuOrMb7Azhj0tzR0SBazJADihIRGWM3JMfCzAv38M7dAt3PrLa+yKQ2yJiyH43gbZo61I/AThxsw/55Bpo2mOZRfiRgYLiuuUceb5JJ69OLrkOuwAUyDJFsNGNXBy2m4=","expiry":"1767139200000000"},"4":{"Y":"AAAABASWQfNzun5KImUlkOvsg4iud4R4U+sOa2VjlUDMkrWB1S+q1qL/GuD3k687DQF/RfvbIbIeVkJZNyjobNqW7X4TsXU+lako/gxOBRqzl9aHaoMV9gk6EbvibY/XMD5AFDQ=","expiry":"1767139200000000"},"5":{"Y":"AAAABQR38by110bTSikIvk/oYI8eav69TFj3VrUNyc/Cj4dElEUIPqdpGUr2x+zH0vAs8+HD3lagql2JkzqncOEC5o6NX8bzWTTBxyNy7+uj9dYxy23jG0CFRxvJzLCRRTjuFZA=","expiry":"1767139200000000"}},"protocol_version":"PrivateStateTokenV1VOPRF"}}}